{
    "Хидропарк Искър - Вододайна зона яз. Искър": 0.045454545454545456,
    "м. Пасарел": 0.045454545454545456,
    "Зона за отдих Панчарево - плажа": 0.09090909090909091,
    "Панчарево - Черешови градини изток": 0.045454545454545456,
    "в.з. Малинова доолина - запад": 0.13636363636363635,
    "ж.к. Младост 4": 0.36363636363636365,
    "кв. Малинова долина изток": 0.045454545454545456,
    "Драгалевци, в.с. Мирамонте": 0.045454545454545456,
    "Източен Парк Младост": 0.09090909090909091,
    "ж.к. Младост 3": 0.2727272727272727,
    "ж.к. Младост 2": 0.2727272727272727,
    "ж.к. Дружба 2 - изток": 0.22727272727272727,
    "ж.к. Студентски град - юг": 0.22727272727272727,
    "ж.к. Младост 1А": 0.13636363636363635,
    "ж.к. Дружба 2 - запад": 0.13636363636363635,
    "кв. Витоша - Лозенец": 0.22727272727272727,
    "м. Витоша - ВЕЦ Симеоново": 0.09090909090909091,
    "ж.к. Студентски град - запад": 1,
    "м. бул.Цариградско ш. 7-11км север": 0.2727272727272727,
    "ж.к. Студентски град - север": 0.2727272727272727,
    "ж.к. Младост 1": 0.2727272727272727,
    "кв. Хладилника": 0.09090909090909091,
    "ж.к. Манастирски ливади-изток": 0.2727272727272727,
    "ж.к. Дианабад": 0.13636363636363635,
    "ж.к. Мусагеница": 0.13636363636363635,
    "НПЗ Хладилника": 0.5,
    "м. Манастирски ливади - запад": 0.5454545454545454,
    "кв. Карпузица": 0.045454545454545456,
    "ж.к. Дружба 1 - изток": 0.2727272727272727,
    "ж.к. Изгрев": 0.13636363636363635,
    "ж.к. Гоце Делчев": 0.5,
    "НПЗ Изток, м. Къро": 0.5,
    "кв. Павлово-Бъкстон": 0.09090909090909091,
    "кв.Карпузица": 0.045454545454545456,
    "кв. Овча Купел - юг": 0.045454545454545456,
    "м. Лозенец част 2 и 3 - юг": 0.18181818181818182,
    "ж.к. Борово": 0.045454545454545456,
    "ж.к. Изток - изток": 0.3181818181818182,
    "м. Лозенец част 2 - север": 0.13636363636363635,
    "м.Лозенец част 1": 0.45454545454545453,
    "м. БАН 4км": 0.36363636363636365,
    "ж.к. Стрелбище": 0.3181818181818182,
    "ж.к. Красно село": 0.18181818181818182,
    "ж.к.Бели Брези": 0.09090909090909091,
    "ж.к. Иван Вазов": 0.09090909090909091,
    "Борисова градина - Семинарията": 0.045454545454545456,
    "Борисова градина - юг": 0.09090909090909091,
    "Южен парк част 2": 0.22727272727272727,
    "СПЗ Слатина-юг": 0.045454545454545456,
    "ж.к. Славия": 0.2727272727272727,
    "м. Лозенец част 3": 0.18181818181818182,
    "Парк Гео Милев": 0.045454545454545456,
    "ж.к. Хиподрума": 0.22727272727272727,
    "ж.к. Гео Милев": 0.6363636363636364,
    "кв.Горна баня": 0.045454545454545456,
    "ЦГЧ Зона Г8-Средец": 0.045454545454545456,
    "НДК - площад България": 0.2727272727272727,
    "ЦГЧ Зона Г8 част Триадица": 0.09090909090909091,
    "ЦГЧ Зона Г6": 0.22727272727272727,
    "кв. Овча Купел - север": 0.045454545454545456,
    "ЦГЧ Зона Г11 - изток": 0.045454545454545456,
    "кв. Крива река": 0.045454545454545456,
    "ж.к. Лагера": 0.13636363636363635,
    "3-та извънградска част": 0.045454545454545456,
    "ж.к. Христо Смирненски": 0.045454545454545456,
    "м. Буката": 0.045454545454545456,
    "Борисова градина - север": 0.36363636363636365,
    "ЦГЧ Зона Г12": 0.13636363636363635,
    "ЦГЧ Зони Г10 и част от А": 0.18181818181818182,
    "ЦГЧ Зона Г8": 0.2727272727272727,
    "ж.к. Овча Купел": 0.22727272727272727,
    "кв. Подуяне": 0.13636363636363635,
    "ж.к. Красна поляна - част 3": 0.045454545454545456,
    "ЦГЧ Зона А - юг": 0.18181818181818182,
    "м. Подуяне-Център": 0.18181818181818182,
    "ЦГЧ Зони Б2 1 и 2": 0.09090909090909091,
    "ЦГЧ Зона Б5-3+": 0.045454545454545456,
    "ЦГЧ Зона Б5+": 0.09090909090909091,
    "Летищен к-с София": 0.045454545454545456,
    "ж.к. Факултета": 0.045454545454545456,
    "ЦГЧ Зона Б19+": 0.045454545454545456,
    "ж.к. Красна поляна - част 1 и 2": 0.13636363636363635,
    "ЦГЧ Зона Г13": 0.18181818181818182,
    "ЦГЧ Зона Г14 - изток": 0.09090909090909091,
    "ЦГЧ Зона Г14 - запад": 0.2727272727272727,
    "ЦГЧ Зона Б2-3+": 0.3181818181818182,
    "ЦГЧ Зона Б3+": 0.13636363636363635,
    "м.Враждебна-юг": 0.045454545454545456,
    "ЦГЧ Зона Б4+": 0.045454545454545456,
    "ж.к. Разсадника - Коньовица": 0.045454545454545456,
    "ж.к. Сухата река - изток": 0.045454545454545456,
    "ЦГЧ Зона Б18+": 0.09090909090909091,
    "ж.к. Хаджи Димитър": 0.13636363636363635,
    "ЦГЧ Зона В15": 0.13636363636363635,
    "ж.к. Гевгелийски, ж.к. Илинден": 0.09090909090909091,
    "ЦГЧ Зона В17-16 с Предгаров площад": 0.13636363636363635,
    "ж.к. Левски - зона Г": 0.13636363636363635,
    "ЦГЧ Зона В17- кв. Банишора": 0.13636363636363635,
    "ж.к. Света Троица": 0.09090909090909091,
    "ж.к.Люлин - 7 мр": 0.22727272727272727,
    "ж.к.Люлин - 6 мр": 0.09090909090909091,
    "ж.к. Люлин-център": 0.18181818181818182,
    "ж.к.Люлин - 10 мр": 0.18181818181818182,
    "гр. Банкя": 0.13636363636363635,
    "ж.к.Люлин - 9 мр": 0.045454545454545456,
    "ж.к.Люлин - 3 мр": 0.09090909090909091,
    "ж.к.Люлин - 8 мр": 0.09090909090909091,
    "ж.к. Орландовци-Малашевци": 0.045454545454545456,
    "ж.к.Надежда 1": 0.09090909090909091,
    "ж.к. Надежда 2": 0.18181818181818182,
    "ж.к.Люлин - 1 мр": 0.045454545454545456,
    "ж.к. Свобода": 0.13636363636363635,
    "ж.к. Обеля 1": 0.045454545454545456,
    "Северен парк": 0.045454545454545456,
    "ж.к. Обеля 2": 0.045454545454545456,
    "гр. Нови Искър - кв. Курило": 0.045454545454545456,
    "ЦГЧ Зона А - север": 0.045454545454545456,
    "ж.к. Надежда 4, ж.к. Връбница 2": 0.045454545454545456,
    "Хидропарк Искър - ез. Казичене": 0.045454545454545456
}