{
    "ж.к. Дървеница": 0.029008782838588466,
    "ж.к. Младост 1А": 0.023562522588147086,
    "кв. Витоша - Лозенец": 0.02832391320370267,
    "ж.к. Студентски град - запад": 0.033376599334174514,
    "м. Гърдова глава": 0.02669215060906617,
    "м. Манастирски ливади - запад": 0.027561903702462233,
    "ж.к. Изгрев": 0.029257669751184556,
    "ж.к. Гоце Делчев": 0.061142156204621836,
    "м. Лозенец част 2 и 3 - юг": 0.05384316258058476,
    "ж.к. Борово": 0.05005267712903681,
    "ж.к. Изток - изток": 0.11711841065145638,
    "м. Лозенец част 2 - север": 0.03664389354173563,
    "м.Лозенец част 1": 0.028634073380473826,
    "ж.к. Стрелбище": 0.0298565498965864,
    "ж.к.Бели Брези": 0.025555013800824894,
    "ж.к. Иван Вазов": 0.03295907103966226,
    "Борисова градина - Семинарията": 0.02440784526392541,
    "Южен парк част 2": 0.02689731216806691,
    "м. Лозенец част 3": 0.36667114796251593,
    "к-с Медицинска академия": 0.05994393338151537,
    "ж.к. Гео Милев": 0.08666494191370774,
    "ЦГЧ Зона Г8-Средец": 0.3747028858630086,
    "НДК - площад България": 0.031563764562197054,
    "ЦГЧ Зона Г8 част Триадица": 0.2581114779806951,
    "ЦГЧ Зона Г6": 1,
    "ЦГЧ Зона Г11 - изток": 0.0650136212238926,
    "3-та извънградска част": 0.16700169765614017,
    "м. Буката": 0.05306548741248234,
    "ЦГЧ Зона Г12": 0.3851311195760904,
    "ЦГЧ Зони Г10 и част от А": 0.505434543727524,
    "ЦГЧ Зона Г8": 0.7904995766752696,
    "ЦГЧ м. Еврейски гробища": 0.03899537064640421,
    "кв. Подуяне": 0.14638122167004677,
    "ЦГЧ Зона Б5-А": 0.20703400375861056,
    "ЦГЧ Зона А - юг": 0.04867062213059238,
    "ЦГЧ Зона А - изток": 0.2175027728157294,
    "м. Подуяне-Център": 0.2432395813110388,
    "ЦГЧ Зони Б2 1 и 2": 0.21979204255896478,
    "ЦГЧ Зона Б5-3+": 0.055540188026247335,
    "ЦГЧ Зона Б5+": 0.1032052234268934,
    "ЦГЧ Зона Б19+": 0.05383587571648728,
    "ж.к. Красна поляна - част 1 и 2": 0.0315420959012735,
    "ЦГЧ Зона Г13": 0.07389784644591069,
    "ЦГЧ Зона Г14 - изток": 0.2586457786490191,
    "ЦГЧ Зона Г14 - запад": 0.6874973456096458,
    "ЦГЧ Зона Б2-3+": 0.4898877508005162,
    "ЦГЧ Зона Б3+": 0.2084372147618694,
    "ЦГЧ Зона Б4+": 0.07871254823658028,
    "ж.к. Разсадника - Коньовица": 0.04049615408184249,
    "ЦГЧ Зона Б18+": 0.11965774350394745,
    "ж.к. Западен парк": 0.01962592255195598,
    "ж.к. Хаджи Димитър": 0.022935195063361467,
    "ЦГЧ Зона В15": 0.0578455472071445,
    "ж.к. Гевгелийски, ж.к. Илинден": 0.051628933997572214,
    "ЦГЧ Зона В17-16 с Предгаров площад": 0.1929980489131508,
    "ж.к.Люлин - 6 мр": 0.03689255398862765,
    "ЦГЧ Зона А - север": 0.02652296624490075,
    "кв. Кръстова вада - изток": 0.026251201308744088
}